{
    "SmartAtoms_LaMetricTime": {
        "PTR": [
            {
                "rrname": "_spotify-connect._tcp.local.",
                "rdata": "24:18:c6:18:fe:ec-SA11040522010-0._spotify-connect._tcp.local."
            },
            {
                "rrname": "_services._dns-sd._udp.local.",
                "rdata": "_spotify-connect._tcp.local."
            },
            {
                "rrname": "_dcp._tcp.local.",
                "rdata": "DCS-8526LH-1ECB._dcp._tcp.local."
            }
        ],
        "SRV": [
            {
                "rrname": "24:18:c6:18:fe:ec-SA11040522010-0._spotify-connect._tcp.local.",
                "target": "24:18:c6:18:fe:ec-SA11040522010-0.local.",
                "weight": 0,
                "port": 42593,
                "priority": 0
            }
        ],
        "TXT": [
            {
                "rrname": "24:18:c6:18:fe:ec-SA11040522010-0._spotify-connect._tcp.local.",
                "rdata": [
                    "CPath=/zc/0",
                    "VERSION=1.0",
                    "Stack=SP"
                ]
            },
            {
                "rrname": "DCS-8526LH-1ECB._dcp._tcp.local.",
                "rdata": [
                    "mac=B0C554671ECB",
                    "model=DCS-8526LH",
                    "hw_ver=A1",
                    "fw_ver=1.08.01",
                    "md_ver=3.6.7-b01",
                    "md_id=54390387",
                    "version=2.0",
                    "reg_st=1",
                    "mmp=8081"
                ]
            }
        ],
        "A": [
            {
                "rrname": "24:18:c6:18:fe:ec-SA11040522010-0.local."
            },
            {
                "rrname": "DCS-8526LH-B0C554671ECB.local."
            }
        ]
    },
    "Google_NestMini": {
        "PTR": [
            {
                "rrname": "_googlezone._tcp.local.",
                "rdata": "0aca6283-e84c-383b-cdf1-96f8a60ffec6._googlezone._tcp.local."
            },
            {
                "rrname": "_googlecast._tcp.local.",
                "rdata": "Google-Nest-Mini-0aca6283e84c383bcdf196f8a60ffec6._googlecast._tcp.local."
            }
        ],
        "TXT": [
            {
                "rrname": "0aca6283-e84c-383b-cdf1-96f8a60ffec6._googlezone._tcp.local.",
                "rdata": [
                    "id=B97A16888D4F1D14582D9A79922E5424",
                    "UDS",
                    "CGS"
                ]
            },
            {
                "rrname": "Google-Nest-Mini-0aca6283e84c383bcdf196f8a60ffec6._googlecast._tcp.local.",
                "rdata": [
                    "id=0aca6283e84c383bcdf196f8a60ffec6",
                    "cd=B97A16888D4F1D14582D9A79922E5424",
                    "rm=E9786336B408A6C0",
                    "ve=05",
                    "md=Google Nest Mini",
                    "ic=/setup/icon.png",
                    "fn=Office speaker",
                    "ca=199172",
                    "st=2",
                    "bs=FA8FCA8CE14B",
                    "nf=1",
                    "rs="
                ]
            }
        ],
        "SRV": [
            {
                "rrname": "0aca6283-e84c-383b-cdf1-96f8a60ffec6._googlezone._tcp.local.",
                "target": "0aca6283-e84c-383b-cdf1-96f8a60ffec6.local.",
                "weight": 3,
                "port": 10001,
                "priority": 610
            }
        ],
        "A": [
            {
                "rrname": "0aca6283-e84c-383b-cdf1-96f8a60ffec6.local."
            }
        ]
    }
}