{
    "SmartAtoms_LaMetricTime": {
        "PTR": [
            {
                "rrname": "_spotify-connect._tcp.local.",
                "rdata": "24:18:c6:18:fe:ec-SA11040522010-0._spotify-connect._tcp.local."
            },
            {
                "rrname": "_services._dns-sd._udp.local.",
                "rdata": "_spotify-connect._tcp.local."
            }
        ],
        "SRV": [
            {
                "rrname": "24:18:c6:18:fe:ec-SA11040522010-0._spotify-connect._tcp.local.",
                "target": "24:18:c6:18:fe:ec-SA11040522010-0.local.",
                "weight": 0,
                "port": 57418,
                "priority": 0
            }
        ],
        "TXT": [
            {
                "rrname": "24:18:c6:18:fe:ec-SA11040522010-0._spotify-connect._tcp.local.",
                "rdata": [
                    "CPath=/zc/0",
                    "VERSION=1.0",
                    "Stack=SP"
                ]
            }
        ],
        "A": [
            {
                "rrname": "24:18:c6:18:fe:ec-SA11040522010-0.local."
            }
        ]
    },
    "Google_NestMini": {
        "SRV": [
            {
                "rrname": "0aca6283-e84c-383b-cdf1-96f8a60ffec6._googlezone._tcp.local.",
                "target": "0aca6283-e84c-383b-cdf1-96f8a60ffec6.local.",
                "weight": 3,
                "port": 10001,
                "priority": 610
            }
        ],
        "A": [
            {
                "rrname": "0aca6283-e84c-383b-cdf1-96f8a60ffec6.local."
            }
        ],
        "PTR": [
            {
                "rrname": "_googlezone._tcp.local.",
                "rdata": "0aca6283-e84c-383b-cdf1-96f8a60ffec6._googlezone._tcp.local."
            },
            {
                "rrname": "_googlecast._tcp.local.",
                "rdata": "Google-Nest-Mini-0aca6283e84c383bcdf196f8a60ffec6._googlecast._tcp.local."
            }
        ],
        "TXT": [
            {
                "rrname": "0aca6283-e84c-383b-cdf1-96f8a60ffec6._googlezone._tcp.local.",
                "rdata": [
                    "id=B97A16888D4F1D14582D9A79922E5424",
                    "UDS",
                    "CGS"
                ]
            },
            {
                "rrname": "Google-Nest-Mini-0aca6283e84c383bcdf196f8a60ffec6._googlecast._tcp.local.",
                "rdata": [
                    "id=0aca6283e84c383bcdf196f8a60ffec6",
                    "cd=B97A16888D4F1D14582D9A79922E5424",
                    "rm=E9786336B408A6C0",
                    "ve=05",
                    "md=Google Nest Mini",
                    "ic=/setup/icon.png",
                    "fn=Office speaker",
                    "ca=199172",
                    "st=2",
                    "bs=FA8FCA8CE14B",
                    "nf=1",
                    "rs="
                ]
            }
        ]
    },
    "Wansview_WirelessCloudcamera": {
        "PTR": [
            {
                "rrname": "25.2.168.192.in-addr.arpa.",
                "rdata": "ecb5fa9be5bd.local."
            },
            {
                "rrname": "_services._dns-sd._udp.local.",
                "rdata": "_hue._tcp.local."
            },
            {
                "rrname": "_hue._tcp.local.",
                "rdata": "Philips Hue - 9BE5BD._hue._tcp.local."
            }
        ],
        "TXT": [
            {
                "rrname": "Philips Hue - 9BE5BD._hue._tcp.local.",
                "rdata": [
                    "bridgeid=ecb5fafffe9be5bd",
                    "modelid=BSB002"
                ]
            }
        ],
        "SRV": [
            {
                "rrname": "Philips Hue - 9BE5BD._hue._tcp.local.",
                "target": "ecb5fa9be5bd.local.",
                "weight": 0,
                "port": 443,
                "priority": 0
            }
        ],
        "A": [
            {
                "rrname": "ecb5fa9be5bd.local."
            }
        ]
    },
    "Amcrest_SecurityTurretCamera": {
        "PTR": [
            {
                "rrname": "_http._tcp.local.",
                "rdata": "AMC063750C37E24F95._http._tcp.local."
            }
        ],
        "TXT": [
            {
                "rrname": "AMC063750C37E24F95._http._tcp.local.",
                "rdata": [
                    "host=AMC063750C37E24F95",
                    "mac=9c:8e:cd:39:ea:9a",
                    "ip=192.168.2.35",
                    "subnet=255.255.255.0",
                    "gw=192.168.2.1",
                    "dns1=203.201.60.12",
                    "dns2=45.79.120.233"
                ]
            }
        ],
        "SRV": [
            {
                "rrname": "AMC063750C37E24F95._http._tcp.local.",
                "target": "AMC063750C37E24F95.local.",
                "weight": 0,
                "port": 80,
                "priority": 0
            }
        ],
        "A": [
            {
                "rrname": "AMC063750C37E24F95.local."
            }
        ]
    },
    "HP_OfficeJetPro6978": {
        "PTR": [
            {
                "rrname": "_http._tcp.local.",
                "rdata": "HP OfficeJet Pro 6970 [EF7F07]._http._tcp.local."
            }
        ],
        "TXT": [
            {
                "rrname": "HP OfficeJet Pro 6970 [EF7F07]._http._tcp.local.",
                "rdata": [
                    ""
                ]
            }
        ],
        "A": [
            {
                "rrname": "HP846993EF7F07.local."
            }
        ],
        "SRV": [
            {
                "rrname": "HP OfficeJet Pro 6970 [EF7F07]._http._tcp.local.",
                "target": "HP846993EF7F07.local.",
                "weight": 0,
                "port": 80,
                "priority": 0
            }
        ]
    }
}