{
    "HP_OfficeJetPro6978": {
        "PTR": [
            {
                "rrname": "_ipp._tcp.local.",
                "rdata": "HP OfficeJet Pro 6970 [EF7F0D]._ipp._tcp.local."
            }
        ],
        "TXT": [
            {
                "rrname": "HP OfficeJet Pro 6970 [EF7F0D]._ipp._tcp.local.",
                "rdata": [
                    "txtvers=1",
                    "qtotal=1",
                    "pdl=application/vnd.hp-PCL,image/jpeg,application/PCLm,image/urf,image/pwg-raster",
                    "rp=ipp/print",
                    "PaperMax=legal-A4",
                    "kind=document,envelope,photo,postcard",
                    "URF=CP1,MT1-2-8-9-10-11,PQ3-4-5,RS300-600,SRGB24,OB9,OFU0,W8-16,DEVW8-16,DEVRGB24-48,ADOBERGB24-48,DM3,FN3,IS1,V1.4",
                    "ty=HP OfficeJet Pro 6970",
                    "product=(HP OfficeJet Pro 6970)",
                    "usb_MFG=HP",
                    "usb_MDL=OfficeJet Pro 6970",
                    "priority=20",
                    "mac=84:69:93:ef:7f:0e",
                    "adminurl=http://HP846993EF7F0D.local./#hId-pgAirPrint",
                    "note=",
                    "mopria-certified=1.3",
                    "TLS=1.2",
                    "rfo=ipp/faxout",
                    "Fax=T",
                    "UUID=92e9c210-d72b-d22c-9e19-aa0c1ee90668",
                    "Color=T",
                    "Duplex=T",
                    "Scan=T"
                ]
            }
        ],
        "A": [
            {
                "rrname": "HP846993EF7F0D.local."
            }
        ],
        "SRV": [
            {
                "rrname": "HP OfficeJet Pro 6970 [EF7F0D]._ipp._tcp.local.",
                "target": "HP846993EF7F0D.local.",
                "weight": 0,
                "port": 631,
                "priority": 0
            }
        ]
    },
    "SmartAtoms_LaMetricTime": {
        "PTR": [
            {
                "rrname": "_spotify-connect._tcp.local.",
                "rdata": "24:18:c6:19:01:1f-SA11040524180-0._spotify-connect._tcp.local."
            },
            {
                "rrname": "_services._dns-sd._udp.local.",
                "rdata": "_spotify-connect._tcp.local."
            }
        ],
        "SRV": [
            {
                "rrname": "24:18:c6:19:01:1f-SA11040524180-0._spotify-connect._tcp.local.",
                "target": "24:18:c6:19:01:1f-SA11040524180-0.local.",
                "weight": 0,
                "port": 36524,
                "priority": 0
            }
        ],
        "TXT": [
            {
                "rrname": "24:18:c6:19:01:1f-SA11040524180-0._spotify-connect._tcp.local.",
                "rdata": [
                    "CPath=/zc/0",
                    "VERSION=1.0",
                    "Stack=SP"
                ]
            }
        ],
        "A": [
            {
                "rrname": "24:18:c6:19:01:1f-SA11040524180-0.local."
            }
        ]
    },
    "Google_NestMini": {
        "SRV": [
            {
                "rrname": "Google-Nest-Mini-8582c54774f83c0d77bc401b8cf79e03._googlecast._tcp.local.",
                "target": "8582c547-74f8-3c0d-77bc-401b8cf79e03.local.",
                "weight": 0,
                "port": 8009,
                "priority": 0
            }
        ],
        "A": [
            {
                "rrname": "8582c547-74f8-3c0d-77bc-401b8cf79e03.local."
            }
        ],
        "PTR": [
            {
                "rrname": "_googlecast._tcp.local.",
                "rdata": "Google-Nest-Mini-8582c54774f83c0d77bc401b8cf79e03._googlecast._tcp.local."
            },
            {
                "rrname": "_googlezone._tcp.local.",
                "rdata": "8582c547-74f8-3c0d-77bc-401b8cf79e03._googlezone._tcp.local."
            }
        ],
        "TXT": [
            {
                "rrname": "Google-Nest-Mini-8582c54774f83c0d77bc401b8cf79e03._googlecast._tcp.local.",
                "rdata": [
                    "id=8582c54774f83c0d77bc401b8cf79e03",
                    "cd=7F2A8CCA1FF8EDCCB32BB796CB931716",
                    "rm=4FA0D43AEA63D2F9",
                    "ve=05",
                    "md=Google Nest Mini",
                    "ic=/setup/icon.png",
                    "fn=Dining room speaker",
                    "ca=199172",
                    "st=0",
                    "bs=FA8FCA6421C2",
                    "nf=1",
                    "rs="
                ]
            },
            {
                "rrname": "8582c547-74f8-3c0d-77bc-401b8cf79e03._googlezone._tcp.local.",
                "rdata": [
                    "id=7F2A8CCA1FF8EDCCB32BB796CB931716",
                    "UDS",
                    "CGS"
                ]
            }
        ]
    },
    "Google_Chromecast": {
        "SRV": [
            {
                "rrname": "Chromecast-03ebbd023a94b6e8074d4f13a6fd7f3b._googlecast._tcp.local.",
                "target": "03ebbd02-3a94-b6e8-074d-4f13a6fd7f3b.local.",
                "weight": 0,
                "port": 8009,
                "priority": 0
            }
        ],
        "A": [
            {
                "rrname": "03ebbd02-3a94-b6e8-074d-4f13a6fd7f3b.local."
            }
        ],
        "PTR": [
            {
                "rrname": "_googlecast._tcp.local.",
                "rdata": "Chromecast-03ebbd023a94b6e8074d4f13a6fd7f3b._googlecast._tcp.local."
            },
            {
                "rrname": "_googlezone._tcp.local.",
                "rdata": "03ebbd02-3a94-b6e8-074d-4f13a6fd7f3b._googlezone._tcp.local."
            }
        ],
        "TXT": [
            {
                "rrname": "Chromecast-03ebbd023a94b6e8074d4f13a6fd7f3b._googlecast._tcp.local.",
                "rdata": [
                    "id=03ebbd023a94b6e8074d4f13a6fd7f3b",
                    "cd=560732CB9D41C04C56AB788AC102CF33",
                    "rm=9178B53139968872",
                    "ve=05",
                    "md=Chromecast",
                    "ic=/setup/icon.png",
                    "fn=Dining room TV",
                    "ca=201221",
                    "st=0",
                    "bs=FA8FCA567582",
                    "nf=1",
                    "rs="
                ]
            },
            {
                "rrname": "03ebbd02-3a94-b6e8-074d-4f13a6fd7f3b._googlezone._tcp.local.",
                "rdata": [
                    "id=560732CB9D41C04C56AB788AC102CF33",
                    "UDS",
                    "CGS"
                ]
            }
        ]
    },
    "Dlink_Omna180CamHD": {
        "A": [
            {
                "rrname": "DSH-C310-179D.local."
            }
        ],
        "SRV": [
            {
                "rrname": "Omna 180Cam HD - 179D._hap._tcp.local.",
                "target": "DSH-C310-179D.local.",
                "weight": 0,
                "port": 5010,
                "priority": 0
            }
        ]
    },
    "Ecobee_Switch+": {
        "A": [
            {
                "rrname": "Living-Room.local."
            }
        ],
        "SRV": [
            {
                "rrname": "Living Room._hap._tcp.local.",
                "target": "Living-Room.local.",
                "weight": 0,
                "port": 1200,
                "priority": 0
            }
        ]
    },
    "Ecobee_3liteSmartThermostat": {
        "A": [
            {
                "rrname": "Office.local."
            }
        ],
        "SRV": [
            {
                "rrname": "Office._hap._tcp.local.",
                "target": "Office.local.",
                "weight": 0,
                "port": 59796,
                "priority": 0
            }
        ]
    },
    "Lifx_SmarterLights": {
        "A": [
            {
                "rrname": "LIFX-Color-684828.local."
            }
        ],
        "SRV": [
            {
                "rrname": "LIFX Color 684828._hap._tcp.local.",
                "target": "LIFX-Color-684828.local.",
                "weight": 0,
                "port": 50710,
                "priority": 0
            }
        ]
    },
    "Netatmo_SmartHomeWeatherStation": {
        "SRV": [
            {
                "rrname": "Weather Station._hap._tcp.local.",
                "target": "Netatmo.local.",
                "weight": 0,
                "port": 5001,
                "priority": 0
            }
        ],
        "A": [
            {
                "rrname": "Netatmo.local."
            }
        ]
    },
    "Meross_SmartWiFiGarageDoorOpener": {
        "A": [
            {
                "rrname": "mt7687.local."
            }
        ],
        "SRV": [
            {
                "rrname": "MSG100-0008._hap._tcp.local.",
                "target": "mt7687.local.",
                "weight": 0,
                "port": 5010,
                "priority": 0
            }
        ]
    },
    "Wemo_WiFiSmartLightSwitch": {
        "A": [
            {
                "rrname": "Wemo Dim2G 068.local."
            }
        ],
        "SRV": [
            {
                "rrname": "Wemo Dim2G 068._hap._tcp.local.",
                "target": "Wemo Dim2G 068.local.",
                "weight": 0,
                "port": 61286,
                "priority": 0
            }
        ]
    },
    "Insignia_FireTV": {
        "A": [
            {
                "rrname": "192-168-1-43.local."
            }
        ]
    }
}