{
    "Meross_SmartWiFiGarageDoorOpener": {
        "A": [
            {
                "rrname": "mt7687.local."
            }
        ],
        "SRV": [
            {
                "rrname": "MSG100-0008._hap._tcp.local.",
                "target": "mt7687.local.",
                "weight": 0,
                "port": 5010,
                "priority": 0
            }
        ]
    },
    "Google_NestMini": {
        "PTR": [
            {
                "rrname": "_googlezone._tcp.local.",
                "rdata": "8582c547-74f8-3c0d-77bc-401b8cf79e03._googlezone._tcp.local."
            },
            {
                "rrname": "_googlecast._tcp.local.",
                "rdata": "Google-Nest-Mini-8582c54774f83c0d77bc401b8cf79e03._googlecast._tcp.local."
            }
        ],
        "TXT": [
            {
                "rrname": "8582c547-74f8-3c0d-77bc-401b8cf79e03._googlezone._tcp.local.",
                "rdata": [
                    "id=7F2A8CCA1FF8EDCCB32BB796CB931716",
                    "UDS",
                    "CGS"
                ]
            },
            {
                "rrname": "Google-Nest-Mini-8582c54774f83c0d77bc401b8cf79e03._googlecast._tcp.local.",
                "rdata": [
                    "id=8582c54774f83c0d77bc401b8cf79e03",
                    "cd=7F2A8CCA1FF8EDCCB32BB796CB931716",
                    "rm=4FA0D43AEA63D2F9",
                    "ve=05",
                    "md=Google Nest Mini",
                    "ic=/setup/icon.png",
                    "fn=Dining room speaker",
                    "ca=199172",
                    "st=0",
                    "bs=FA8FCA6421C2",
                    "nf=1",
                    "rs="
                ]
            }
        ],
        "SRV": [
            {
                "rrname": "8582c547-74f8-3c0d-77bc-401b8cf79e03._googlezone._tcp.local.",
                "target": "8582c547-74f8-3c0d-77bc-401b8cf79e03.local.",
                "weight": 3,
                "port": 10001,
                "priority": 610
            }
        ],
        "A": [
            {
                "rrname": "8582c547-74f8-3c0d-77bc-401b8cf79e03.local."
            }
        ]
    },
    "Google_Chromecast": {
        "PTR": [
            {
                "rrname": "_googlezone._tcp.local.",
                "rdata": "03ebbd02-3a94-b6e8-074d-4f13a6fd7f3b._googlezone._tcp.local."
            },
            {
                "rrname": "_googlecast._tcp.local.",
                "rdata": "Chromecast-03ebbd023a94b6e8074d4f13a6fd7f3b._googlecast._tcp.local."
            }
        ],
        "TXT": [
            {
                "rrname": "03ebbd02-3a94-b6e8-074d-4f13a6fd7f3b._googlezone._tcp.local.",
                "rdata": [
                    "id=560732CB9D41C04C56AB788AC102CF33",
                    "UDS",
                    "CGS"
                ]
            },
            {
                "rrname": "Chromecast-03ebbd023a94b6e8074d4f13a6fd7f3b._googlecast._tcp.local.",
                "rdata": [
                    "id=03ebbd023a94b6e8074d4f13a6fd7f3b",
                    "cd=560732CB9D41C04C56AB788AC102CF33",
                    "rm=9178B53139968872",
                    "ve=05",
                    "md=Chromecast",
                    "ic=/setup/icon.png",
                    "fn=Dining room TV",
                    "ca=201221",
                    "st=0",
                    "bs=FA8FCA567582",
                    "nf=1",
                    "rs="
                ]
            }
        ],
        "SRV": [
            {
                "rrname": "03ebbd02-3a94-b6e8-074d-4f13a6fd7f3b._googlezone._tcp.local.",
                "target": "03ebbd02-3a94-b6e8-074d-4f13a6fd7f3b.local.",
                "weight": 60,
                "port": 10001,
                "priority": 210
            }
        ],
        "A": [
            {
                "rrname": "03ebbd02-3a94-b6e8-074d-4f13a6fd7f3b.local."
            }
        ]
    },
    "SmartAtoms_LaMetricTime": {
        "PTR": [
            {
                "rrname": "_spotify-connect._tcp.local.",
                "rdata": "24:18:c6:19:01:1f-SA11040524180-0._spotify-connect._tcp.local."
            },
            {
                "rrname": "_services._dns-sd._udp.local.",
                "rdata": "_spotify-connect._tcp.local."
            }
        ],
        "SRV": [
            {
                "rrname": "24:18:c6:19:01:1f-SA11040524180-0._spotify-connect._tcp.local.",
                "target": "24:18:c6:19:01:1f-SA11040524180-0.local.",
                "weight": 0,
                "port": 44977,
                "priority": 0
            }
        ],
        "TXT": [
            {
                "rrname": "24:18:c6:19:01:1f-SA11040524180-0._spotify-connect._tcp.local.",
                "rdata": [
                    "CPath=/zc/0",
                    "VERSION=1.0",
                    "Stack=SP"
                ]
            }
        ],
        "A": [
            {
                "rrname": "24:18:c6:19:01:1f-SA11040524180-0.local."
            }
        ]
    },
    "Lifx_SmarterLights": {
        "A": [
            {
                "rrname": "LIFX-Color-684828.local."
            }
        ],
        "SRV": [
            {
                "rrname": "LIFX Color 684828._hap._tcp.local.",
                "target": "LIFX-Color-684828.local.",
                "weight": 0,
                "port": 50710,
                "priority": 0
            }
        ]
    },
    "Netatmo_SmartHomeWeatherStation": {
        "A": [
            {
                "rrname": "Netatmo.local."
            }
        ],
        "SRV": [
            {
                "rrname": "Weather Station._hap._tcp.local.",
                "target": "Netatmo.local.",
                "weight": 0,
                "port": 5001,
                "priority": 0
            }
        ]
    },
    "Dlink_Omna180CamHD": {
        "A": [
            {
                "rrname": "DSH-C310-179D.local."
            }
        ],
        "SRV": [
            {
                "rrname": "Omna 180Cam HD - 179D._hap._tcp.local.",
                "target": "DSH-C310-179D.local.",
                "weight": 0,
                "port": 5010,
                "priority": 0
            }
        ]
    },
    "Ecobee_Switch+": {
        "SRV": [
            {
                "rrname": "Living Room._hap._tcp.local.",
                "target": "Living-Room.local.",
                "weight": 0,
                "port": 1200,
                "priority": 0
            }
        ],
        "A": [
            {
                "rrname": "Living-Room.local."
            }
        ]
    },
    "Wemo_WiFiSmartLightSwitch": {
        "SRV": [
            {
                "rrname": "Wemo Dim2G 068._hap._tcp.local.",
                "target": "Wemo Dim2G 068.local.",
                "weight": 0,
                "port": 61286,
                "priority": 0
            }
        ],
        "A": [
            {
                "rrname": "Wemo Dim2G 068.local."
            }
        ]
    },
    "Ecobee_3liteSmartThermostat": {
        "A": [
            {
                "rrname": "Office.local."
            }
        ],
        "SRV": [
            {
                "rrname": "Office._hap._tcp.local.",
                "target": "Office.local.",
                "weight": 0,
                "port": 59796,
                "priority": 0
            }
        ]
    }
}