{
    "Meross_SmartWiFiGarageDoorOpener": {
        "TXT": [
            {
                "rrname": "MSG100-072e._hap._tcp.local.",
                "rdata": [
                    "c#=2",
                    "ff=2",
                    "id=5C:E5:E7:7E:1E:52",
                    "md=MSG100",
                    "pv=1.1",
                    "s#=1",
                    "sf=1",
                    "ci=4",
                    "sh=BazN4g=="
                ]
            }
        ],
        "PTR": [
            {
                "rrname": "_services._dns-sd._udp.local.",
                "rdata": "_hap._tcp.local."
            },
            {
                "rrname": "_hap._tcp.local.",
                "rdata": "MSG100-072e._hap._tcp.local."
            },
            {
                "rrname": "30.2.168.192.in-addr.arpa.",
                "rdata": "mt7687.local."
            }
        ],
        "SRV": [
            {
                "rrname": "MSG100-072e._hap._tcp.local.",
                "target": "mt7687.local.",
                "weight": 0,
                "port": 5010,
                "priority": 0
            }
        ],
        "A": [
            {
                "rrname": "mt7687.local."
            }
        ]
    },
    "SmartAtoms_LaMetricTime": {
        "PTR": [
            {
                "rrname": "_spotify-connect._tcp.local.",
                "rdata": "24:18:c6:18:fe:ec-SA11040522010-0._spotify-connect._tcp.local."
            },
            {
                "rrname": "_services._dns-sd._udp.local.",
                "rdata": "_spotify-connect._tcp.local."
            }
        ],
        "SRV": [
            {
                "rrname": "24:18:c6:18:fe:ec-SA11040522010-0._spotify-connect._tcp.local.",
                "target": "24:18:c6:18:fe:ec-SA11040522010-0.local.",
                "weight": 0,
                "port": 47144,
                "priority": 0
            }
        ],
        "TXT": [
            {
                "rrname": "24:18:c6:18:fe:ec-SA11040522010-0._spotify-connect._tcp.local.",
                "rdata": [
                    "CPath=/zc/0",
                    "VERSION=1.0",
                    "Stack=SP"
                ]
            }
        ],
        "A": [
            {
                "rrname": "24:18:c6:18:fe:ec-SA11040522010-0.local."
            }
        ]
    },
    "Wansview_WirelessCloudcamera": {
        "PTR": [
            {
                "rrname": "25.2.168.192.in-addr.arpa.",
                "rdata": "ecb5fa9be5bd.local."
            },
            {
                "rrname": "_services._dns-sd._udp.local.",
                "rdata": "_hue._tcp.local."
            },
            {
                "rrname": "_hue._tcp.local.",
                "rdata": "Philips Hue - 9BE5BD._hue._tcp.local."
            }
        ],
        "TXT": [
            {
                "rrname": "Philips Hue - 9BE5BD._hue._tcp.local.",
                "rdata": [
                    "bridgeid=ecb5fafffe9be5bd",
                    "modelid=BSB002"
                ]
            }
        ],
        "SRV": [
            {
                "rrname": "Philips Hue - 9BE5BD._hue._tcp.local.",
                "target": "ecb5fa9be5bd.local.",
                "weight": 0,
                "port": 443,
                "priority": 0
            }
        ],
        "A": [
            {
                "rrname": "ecb5fa9be5bd.local."
            }
        ]
    },
    "Ecobee_3liteSmartThermostat": {
        "TXT": [
            {
                "rrname": "Office._hap._tcp.local.",
                "rdata": [
                    "c#=5",
                    "ff=1",
                    "id=11:7C:7C:6D:1A:EC",
                    "md=ecobee3 lite",
                    "pv=1.1",
                    "s#=1",
                    "sf=1",
                    "ci=9",
                    "sh=jTPwhA=="
                ]
            },
            {
                "rrname": "Office (2)._ecobee._tcp.local.",
                "rdata": [
                    "pv=1.1",
                    "ci=9",
                    "serial_number=413795458758",
                    "home_name=My Home"
                ]
            }
        ],
        "PTR": [
            {
                "rrname": "_services._dns-sd._udp.local.",
                "rdata": "_hap._tcp.local."
            },
            {
                "rrname": "_hap._tcp.local.",
                "rdata": "Office._hap._tcp.local."
            },
            {
                "rrname": "_ecobee._tcp.local.",
                "rdata": "Office (2)._ecobee._tcp.local."
            },
            {
                "rrname": "49.2.168.192.in-addr.arpa.",
                "rdata": "Office.local."
            }
        ],
        "SRV": [
            {
                "rrname": "Office._hap._tcp.local.",
                "target": "Office.local.",
                "weight": 0,
                "port": 59310,
                "priority": 0
            }
        ],
        "A": [
            {
                "rrname": "Office.local."
            }
        ]
    },
    "Ecobee_Switch+": {
        "TXT": [
            {
                "rrname": "Office (2)._hap._tcp.local.",
                "rdata": [
                    "c#=3",
                    "ff=1",
                    "id=BA:16:2B:4E:AC:75",
                    "md=ecobee Switch+",
                    "pv=1.1",
                    "s#=1",
                    "sf=1",
                    "ci=8",
                    "sh=jHoOWg==",
                    "serial_number=611761604527",
                    "MFG=ecobee Inc."
                ]
            },
            {
                "rrname": "Office._ecobee._tcp.local.",
                "rdata": [
                    "pv=1.1",
                    "ci=8",
                    "serial_number=611761604527",
                    "home_name=My Home"
                ]
            }
        ],
        "PTR": [
            {
                "rrname": "_services._dns-sd._udp.local.",
                "rdata": "_hap._tcp.local."
            },
            {
                "rrname": "_hap._tcp.local.",
                "rdata": "Office (2)._hap._tcp.local."
            },
            {
                "rrname": "_ecobee._tcp.local.",
                "rdata": "Office._ecobee._tcp.local."
            },
            {
                "rrname": "38.2.168.192.in-addr.arpa.",
                "rdata": "Office-2.local."
            }
        ],
        "SRV": [
            {
                "rrname": "Office (2)._hap._tcp.local.",
                "target": "Office-2.local.",
                "weight": 0,
                "port": 1200,
                "priority": 0
            }
        ],
        "A": [
            {
                "rrname": "Office-2.local."
            }
        ]
    },
    "Google_NestMini": {
        "SRV": [
            {
                "rrname": "Google-Nest-Mini-0aca6283e84c383bcdf196f8a60ffec6._googlecast._tcp.local.",
                "target": "0aca6283-e84c-383b-cdf1-96f8a60ffec6.local.",
                "weight": 0,
                "port": 8009,
                "priority": 0
            }
        ],
        "A": [
            {
                "rrname": "0aca6283-e84c-383b-cdf1-96f8a60ffec6.local."
            }
        ],
        "PTR": [
            {
                "rrname": "_googlecast._tcp.local.",
                "rdata": "Google-Nest-Mini-0aca6283e84c383bcdf196f8a60ffec6._googlecast._tcp.local."
            },
            {
                "rrname": "_googlezone._tcp.local.",
                "rdata": "0aca6283-e84c-383b-cdf1-96f8a60ffec6._googlezone._tcp.local."
            }
        ],
        "TXT": [
            {
                "rrname": "Google-Nest-Mini-0aca6283e84c383bcdf196f8a60ffec6._googlecast._tcp.local.",
                "rdata": [
                    "id=0aca6283e84c383bcdf196f8a60ffec6",
                    "cd=B97A16888D4F1D14582D9A79922E5424",
                    "rm=E9786336B408A6C0",
                    "ve=05",
                    "md=Google Nest Mini",
                    "ic=/setup/icon.png",
                    "fn=Office speaker",
                    "ca=199172",
                    "st=2",
                    "bs=FA8FCA8CE14B",
                    "nf=1",
                    "rs="
                ]
            },
            {
                "rrname": "0aca6283-e84c-383b-cdf1-96f8a60ffec6._googlezone._tcp.local.",
                "rdata": [
                    "id=B97A16888D4F1D14582D9A79922E5424",
                    "UDS",
                    "CGS"
                ]
            }
        ]
    },
    "HP_OfficeJetPro6978": {
        "PTR": [
            {
                "rrname": "_ipp._tcp.local.",
                "rdata": "HP OfficeJet Pro 6970 [EF7F07]._ipp._tcp.local."
            },
            {
                "rrname": "_ipps._tcp.local.",
                "rdata": "HP OfficeJet Pro 6970 [EF7F07]._ipps._tcp.local."
            }
        ],
        "TXT": [
            {
                "rrname": "HP OfficeJet Pro 6970 [EF7F07]._ipp._tcp.local.",
                "rdata": [
                    "txtvers=1",
                    "qtotal=1",
                    "pdl=application/vnd.hp-PCL,image/jpeg,application/PCLm,image/urf,image/pwg-raster",
                    "rp=ipp/print",
                    "PaperMax=legal-A4",
                    "kind=document,envelope,photo,postcard",
                    "URF=CP1,MT1-2-8-9-10-11,PQ3-4-5,RS300-600,SRGB24,OB9,OFU0,W8-16,DEVW8-16,DEVRGB24-48,ADOBERGB24-48,DM3,FN3,IS1,V1.4",
                    "ty=HP OfficeJet Pro 6970",
                    "product=(HP OfficeJet Pro 6970)",
                    "usb_MFG=HP",
                    "usb_MDL=OfficeJet Pro 6970",
                    "priority=20",
                    "mac=84:69:93:ef:7f:08",
                    "adminurl=http://HP846993EF7F07.local./#hId-pgAirPrint",
                    "note=",
                    "mopria-certified=1.3",
                    "TLS=1.2",
                    "rfo=ipp/faxout",
                    "Fax=T",
                    "UUID=1d414512-d85b-796f-90cf-9e34cb10ddfb",
                    "Color=T",
                    "Duplex=T",
                    "Scan=T"
                ]
            },
            {
                "rrname": "HP OfficeJet Pro 6970 [EF7F07]._ipps._tcp.local.",
                "rdata": [
                    "txtvers=1",
                    "qtotal=1",
                    "pdl=application/vnd.hp-PCL,image/jpeg,application/PCLm,image/urf,image/pwg-raster",
                    "rp=ipp/print",
                    "PaperMax=legal-A4",
                    "kind=document,envelope,photo,postcard",
                    "URF=CP1,MT1-2-8-9-10-11,PQ3-4-5,RS300-600,SRGB24,OB9,OFU0,W8-16,DEVW8-16,DEVRGB24-48,ADOBERGB24-48,DM3,FN3,IS1,V1.4",
                    "ty=HP OfficeJet Pro 6970",
                    "product=(HP OfficeJet Pro 6970)",
                    "usb_MFG=HP",
                    "usb_MDL=OfficeJet Pro 6970",
                    "priority=30",
                    "mac=84:69:93:ef:7f:08",
                    "adminurl=http://HP846993EF7F07.local./#hId-pgAirPrint",
                    "note=",
                    "mopria-certified=1.3",
                    "TLS=1.2",
                    "rfo=ipp/faxout",
                    "Fax=T",
                    "UUID=1d414512-d85b-796f-90cf-9e34cb10ddfb",
                    "Color=T",
                    "Duplex=T",
                    "Scan=T"
                ]
            }
        ],
        "A": [
            {
                "rrname": "HP846993EF7F07.local."
            }
        ],
        "SRV": [
            {
                "rrname": "HP OfficeJet Pro 6970 [EF7F07]._ipp._tcp.local.",
                "target": "HP846993EF7F07.local.",
                "weight": 0,
                "port": 631,
                "priority": 0
            }
        ]
    }
}